cluster,size,Radio Frequency,Pulse Width,Azimuth,Amplitude,Angle Of Elevation
0,3144,5405.064942,683.0692666,1.030327065,31.96459061,1.02178986
1,7994,5403.562926,168.4741081,0.3190626854,15.44383327,0.1151636168
2,21205,5403.565666,133.2924288,1.778518096,12.4770323,1.773383205
