cluster,size,Radio Frequency,Pulse Width,Azimuth,Amplitude,Angle Of Elevation
0,14728,5403.562624,154.1182308,1.762726534,12.57536562,1.763725568
1,4631,5409.041442,992.6666875,0.3534331955,16.01309364,0.1495838834
2,10359,5401.211102,1015.202278,0.3233743781,15.25889763,0.1010426763
3,2282,5405.030227,592.4620858,1.005177328,37.7307247,1.046549248
