cluster,size,Radio Frequency,Pulse Width,Azimuth,Amplitude,Angle Of Elevation
0,2841,5404.980222,624.3161476,1.004558036,36.95234695,1.021727647
1,21831,5403.581882,156.1024714,1.612523009,12.6126691,1.347423638
2,7328,5403.616661,1010.851198,0.3380086778,15.20899676,0.1309984596
