cluster,size,Radio Frequency,Pulse Width,Azimuth,Amplitude,Angle Of Elevation
0,17333,5403.73809,947.5919074,0.3706553088,34.80788356,0.4565554388
1,14667,5403.723323,192.4541041,1.698188572,13.97347963,1.710034432
